-- 学生基本信息表
INSERT INTO `student_basic_info` (`stu_id`, `name`, `gender`, `id_card`, `birth_date`, `nationality`, `nation`, `native_place`, `political_status`, `phone`) VALUES
('U202341001', '大雄', '男', '110101200501011597', '2005-01-01', '中国', '汉族', '北京市北京市辖区东城区', '共青团员', '13512340001'),
('U202341002', '静香', '女', '110102200506015127', '2005-06-01', '中国', '汉族', '北京市北京市辖区西城区', '群众', '13512340002'),
('U202341003', '小夫', '男', '110105200508012345', '2005-08-01', '中国', '汉族', '北京市北京市辖区朝阳区', '共青团员', '13512340003'),
('U202341004', '胖虎', '男', '110106200510015678', '2005-10-01', '中国', '汉族', '北京市北京市辖区丰台区', '群众', '13512340004'),
('U202341005', '出木杉', '男', '110107200512013456', '2005-12-01', '中国', '汉族', '北京市北京市辖区石景山区', '共青团员', '13512340005'),
('U202341006', '王小明', '男', '320102200503156789', '2005-03-15', '中国', '汉族', '江苏省南京市玄武区', '共青团员', '13512340006'),
('U202341007', '李雪梅', '女', '440103200507228901', '2005-07-22', '中国', '汉族', '广东省广州市荔湾区', '共青团员', '13512340007'),
('U202341008', '张文博', '男', '510104200509103456', '2005-09-10', '中国', '汉族', '四川省成都市锦江区', '中共预备党员', '13512340008'),
('U202341009', '陈思琪', '女', '330105200502147890', '2005-02-14', '中国', '汉族', '浙江省杭州市拱墅区', '共青团员', '13512340009'),
('U202341010', '刘洋', '男', '370102200511052345', '2005-11-05', '中国', '回族', '山东省济南市历下区', '群众', '13512340010'),
('U202341011', '赵敏', '女', '420103200504186789', '2005-04-18', '中国', '土家族', '湖北省武汉市江汉区', '共青团员', '13512340011'),
('U202341012', '孙浩然', '男', '610104200506291234', '2005-06-29', '中国', '汉族', '陕西省西安市莲湖区', '群众', '13512340012');

-- 学生学籍信息表
INSERT INTO `student_status_info` (`stu_id`, `department`, `major`, `class_name`, `academic_status`, `admission_date`, `graduation_date`, `warning_level`, `register_status`, `advisor_id`, `advisor`) VALUES
('U202341001', '经济管理学院', '信息管理与信息系统', '信管231', '在读', '2023-09-01', '2027-07-01', '无', '已注册', 'G202310001', '张三'),
('U202341002', '经济管理学院', '工商管理', '工商231', '在读', '2023-09-01', '2027-07-01', '无', '已注册', 'G202310001', '张三'),
('U202341003', '计算机学院', '计算机科学与技术', '计科231', '在读', '2023-09-01', '2027-07-01', '无', '已注册', 'G202310001', '张三'),
('U202341004', '外国语学院', '英语', '英语231', '在读', '2023-09-01', '2027-07-01', '一级', '已注册', 'G202310001', '张三'),
('U202341005', '法学院', '法学', '法学231', '在读', '2023-09-01', '2027-07-01', '无', '已注册', 'G202310001', '张三'),
('U202341006', '计算机学院', '软件工程', '软工231', '在读', '2023-09-01', '2027-07-01', '无', '已注册', 'G202310002', '李四'),
('U202341007', '经济管理学院', '会计学', '会计231', '在读', '2023-09-01', '2027-07-01', '无', '已注册', 'G202310002', '李四'),
('U202341008', '计算机学院', '计算机科学与技术', '计科231', '在读', '2023-09-01', '2027-07-01', '无', '已注册', 'G202310002', '李四'),
('U202341009', '外国语学院', '日语', '日语231', '在读', '2023-09-01', '2027-07-01', '无', '已注册', 'G202310002', '李四'),
('U202341010', '法学院', '法学', '法学231', '在读', '2023-09-01', '2027-07-01', '二级', '已注册', 'G202310002', '李四'),
('U202341011', '经济管理学院', '金融学', '金融231', '在读', '2023-09-01', '2027-07-01', '无', '已注册', 'G202310002', '李四'),
('U202341012', '计算机学院', '人工智能', '人智231', '在读', '2023-09-01', '2027-07-01', '无', '已注册', 'G202310002', '李四');

-- 奖励审批表
INSERT INTO `award` (`award_id`, `stu_id`, `award_type`, `award_level`, `award_name`, `award_amount`, `issue_org`, `apply_date`, `award_date`, `advisor_status`, `admin_status`, `award_status`) VALUES
('A20240305001', 'U202341002', '竞赛类', '省级', '省数学建模一等奖', 2000.00, '省教育厅', '2024-03-05', '2024-03-15', '已通过', '已通过', '已通过'),
('A20240310001', 'U202341003', '科研类', '院级', '院级科研项目优秀奖', 500.00, '计算机学院', '2024-03-10', '2024-03-20', '待审批', '待审批', '审批中'),
('A20240312001', 'U202341004', '文体类', '市级', '市篮球赛冠军', 800.00, '市体育局', '2024-03-12', '2024-03-22', '已通过', '待审批', '审批中'),
('A20240401001', 'U202341005', '学业类', '校级', '校优秀学生奖学金一等奖', 3000.00, '北京科技大学', '2024-04-01', '2024-04-10', '已通过', '已通过', '已通过'),
('A20240415001', 'U202341006', '竞赛类', '国家级', '全国大学生程序设计竞赛银奖', 5000.00, '中国计算机学会', '2024-04-15', '2024-04-20', '已通过', '已通过', '已通过'),
('A20240415002', 'U202341008', '竞赛类', '国家级', '全国大学生程序设计竞赛铜奖', 3000.00, '中国计算机学会', '2024-04-15', '2024-04-20', '已通过', '已通过', '已通过'),
('A20240420001', 'U202341007', '学业类', '校级', '校优秀学生奖学金二等奖', 2000.00, '北京科技大学', '2024-04-20', '2024-04-25', '已通过', '已通过', '已通过'),
('A20240501001', 'U202341009', '志愿服务类', '市级', '北京市优秀志愿者', 0.00, '北京市志愿服务联合会', '2024-05-01', '2024-05-05', '已通过', '已通过', '已通过'),
('A20240510001', 'U202341011', '社会实践类', '校级', '暑期社会实践优秀个人', 500.00, '北京科技大学', '2024-05-10', '2024-05-15', '已通过', '待审批', '审批中'),
('A20240520001', 'U202341012', '创新创业类', '省级', '互联网+创新创业大赛二等奖', 2000.00, '北京市教育委员会', '2024-05-20', '2024-05-28', '待审批', '待审批', '审批中'),
('A20240601001', 'U202341002', '学生工作类', '校级', '优秀学生干部', 500.00, '北京科技大学', '2024-06-01', '2024-06-10', '已通过', '已通过', '已通过'),
('A20240605001', 'U202341003', '竞赛类', '省级', '华北五省计算机应用大赛一等奖', 1500.00, '北京市教育委员会', '2024-06-05', '2024-06-15', '已通过', '已通过', '已通过'),
('A20240610001', 'U202341006', '科研类', '校级', '大学生创新训练项目优秀结题', 1000.00, '北京科技大学', '2024-06-10', '2024-06-20', '已通过', '待审批', '审批中'),
('A20240615001', 'U202341008', '学业类', '校级', '校优秀学生奖学金三等奖', 1000.00, '北京科技大学', '2024-06-15', '2024-06-25', '待审批', '待审批', '审批中');

-- 处分审批表
INSERT INTO `punishment` (`punishment_id`, `stu_id`, `punishment_type`, `punishment_reason`, `issue_org`, `apply_date`, `punishment_date`, `applicant_id`, `applicant_role`, `admin_status`, `punishment_status`) VALUES
('P20240301001', 'U202341004', '警告', '多次旷课，累计超过20课时', '教务处', '2024-03-01', '2024-03-05', 'G202350001', '教务管理员', '已通过', '已生效'),
('P20240310001', 'U202341005', '记过', '考试作弊被监考老师发现', '教务处', '2024-03-10', '2024-03-15', 'G202350001', '教务管理员', '已通过', '已生效'),
('P20240312001', 'U202341003', '严重警告', '在宿舍使用违规电器', '学生处', '2024-03-12', '2024-03-18', 'G202320001', '宿管管理员', '待审批', '审批中'),
('P20240420001', 'U202341010', '警告', '未经批准夜不归宿', '学生处', '2024-04-20', '2024-04-25', 'G202320001', '宿管管理员', '已通过', '已生效'),
('P20240505001', 'U202341012', '严重警告', '在图书馆大声喧哗且态度恶劣', '图书馆', '2024-05-05', '2024-05-10', 'G202330001', '图书馆管理员', '待审批', '审批中');

-- 申诉记录表
INSERT INTO `appeal` (`appeal_id`, `punishment_id`, `stu_id`, `appeal_reason`, `appeal_date`, `advisor_status`, `admin_status`, `appeal_status`) VALUES
('AP20240306001', 'P20240301001', 'U202341004', '旷课因家庭突发紧急情况，已补假条', '2024-03-06', '已通过', '待审理', '受理中'),
('AP20240316002', 'P20240310001', 'U202341005', '考试作弊系误会，已提供监控证据', '2024-03-16', '待审理', '待审理', '受理中'),
('AP20240425001', 'P20240420001', 'U202341010', '当晚因参加学校紧急志愿活动，已有辅导员证明', '2024-04-25', '已通过', '已通过', '已通过');

-- 学籍变动申请表
INSERT INTO `status_change` (`change_id`, `stu_id`, `change_type`, `change_reason`, `current_school`, `current_college`, `current_major`, `target_school`, `target_college`, `target_major`, `apply_date`, `start_date`, `end_date`, `advisor_id`, `advisor_status`, `advisor_opinion`, `admin_id`, `admin_status`, `admin_opinion`, `apply_status`) VALUES
('C20240315001', 'U202341004', '休学', '身体健康原因需休养一年', '北京科技大学', '外国语学院', '英语', NULL, NULL, NULL, '2024-03-10', '2024-03-15', '2025-03-15', 'G202310002', '已通过', '情况属实，同意休学', 'G202350001', '待审核', NULL, '待审核'),
('C20240320001', 'U202341003', '交换', '申请赴华南理工大学交换学习一学期', '北京科技大学', '计算机学院', '计算机科学与技术', '华南理工大学', '计算机学院', '计算机科学与技术', '2024-03-20', '2024-09-01', '2025-01-15', NULL, '待审核', NULL, NULL, '待审核', NULL, '待审核'),
('C20240501001', 'U202341007', '转专业', '对会计学兴趣不足，希望转入金融学专业', '北京科技大学', '经济管理学院', '会计学', '北京科技大学', '经济管理学院', '金融学', '2024-05-01', '2024-09-01', NULL, 'G202310001', '已通过', '该生学习态度端正，成绩优秀，同意转专业', 'G202350001', '已通过', '符合转专业条件，同意', '已通过'),
('C20240515001', 'U202341009', '交换', '申请赴中国海洋大学交换一学年', '北京科技大学', '外国语学院', '日语', '中国海洋大学', '外国语学院', '日语', '2024-05-15', '2024-09-01', '2025-07-15', 'G202310002', '已通过', '该生日语能力优秀，推荐交换', 'G202350001', '待审核', NULL, '待审核'),
('C20240601001', 'U202341010', '休学', '家庭经济困难需外出工作一年', '北京科技大学', '法学院', '法学', NULL, NULL, NULL, '2024-06-01', '2024-07-01', '2025-07-01', 'G202310002', '待审核', NULL, NULL, '待审核', NULL, '待审核');

-- 离校手续办理表
INSERT INTO `leave_school` (`leave_id`, `stu_id`, `leave_type`, `leave_reason`, `apply_date`, `leave_date`, `dormitory_reviewer_id`, `dormitory_status`, `library_reviewer_id`, `library_status`, `finance_reviewer_id`, `finance_status`, `admin_id`, `admin_status`, `overall_status`) VALUES
('L20240601001', 'U202341005', '毕业', '已完成所有学分要求', '2024-06-01', '2024-07-01', 'G202320001', '已通过', 'G202330001', '已通过', 'G202340001', '已通过', 'G202350001', '已通过', '已通过'),
('L20240315001', 'U202341004', '休学', '因病休学一年', '2024-03-15', '2024-03-20', 'G202320001', '待审核', 'G202330001', '待审核', 'G202340001', '待审核', 'G202350001', '待审核', '审核中'),
('L20240901001', 'U202341003', '交换', '赴华南理工大学交换学习', '2024-08-20', '2024-09-01', 'G202320001', '已通过', 'G202330001', '已通过', 'G202340001', '待审核', 'G202350001', '待审核', '审核中'),
('L20240905001', 'U202341009', '交换', '赴中国海洋大学交换学习', '2024-08-25', '2024-09-05', 'G202320001', '待审核', 'G202330001', '待审核', 'G202340001', '待审核', 'G202350001', '待审核', '审核中');

-- 学生用户表
INSERT INTO `user_student` (`user_id`, `user_name`, `passwd`, `phone`, `email`, `status`, `create_time`) VALUES
('U202341001', '大雄', '123', '13512340001', 'daxiong@student.com', 'active', '2023-09-01 00:00:00'),
('U202341002', '静香', '123', '13512340002', 'jingxiang@student.com', 'active', '2023-09-01 00:00:00'),
('U202341003', '小夫', '123', '13512340003', 'xiaofu@student.com', 'active', '2023-09-01 00:00:00'),
('U202341004', '胖虎', '123', '13512340004', 'panghu@student.com', 'active', '2023-09-01 00:00:00'),
('U202341005', '小杉', '123', '13512340005', 'xiaoshan@student.com', 'active', '2023-09-01 00:00:00'),
('U202341006', '王小明', '123', '13512340006', 'wangxiaoming@student.com', 'active', '2023-09-01 00:00:00'),
('U202341007', '李雪梅', '123', '13512340007', 'lixuemei@student.com', 'active', '2023-09-01 00:00:00'),
('U202341008', '张文博', '123', '13512340008', 'zhangwenbo@student.com', 'active', '2023-09-01 00:00:00'),
('U202341009', '陈思琪', '123', '13512340009', 'chensiqi@student.com', 'active', '2023-09-01 00:00:00'),
('U202341010', '刘洋', '123', '13512340010', 'liuyang@student.com', 'active', '2023-09-01 00:00:00'),
('U202341011', '赵敏', '123', '13512340011', 'zhaomin@student.com', 'active', '2023-09-01 00:00:00'),
('U202341012', '孙浩然', '123', '13512340012', 'sunhaoran@student.com', 'active', '2023-09-01 00:00:00');

-- 辅导员用户表
INSERT INTO `user_advisor` (`user_id`, `user_name`, `passwd`, `phone`, `email`, `status`, `create_time`) VALUES
('G202310001', '张三', '123', '13512340101', 'zhangsan@advisor.com', 'active', '2023-06-01 00:00:00'),
('G202310002', '李四', '123', '13512340102', 'lisi@advisor.com', 'active', '2023-06-01 00:00:00');

-- 管理员用户表
INSERT INTO `user_admin` (`user_id`, `user_name`, `passwd`, `role`, `phone`, `email`, `status`, `create_time`) VALUES
('G202320001', '路人甲', '123', '宿管管理员', '13512340201', 'jia@admin.com', 'active', '2023-06-01 00:00:00'),
('G202330001', '路人乙', '123', '图书馆管理员', '13512340202', 'yi@admin.com', 'active', '2023-06-01 00:00:00'),
('G202340001', '路人丙', '123', '财务处管理员', '13512340203', 'bing@admin.com', 'active', '2023-06-01 00:00:00'),
('G202350001', '路人丁', '123', '教务管理员', '13512340204', 'ding@admin.com', 'active', '2023-06-01 00:00:00');